{
  "model_name": "mlp",
  "metrics": {
    "rows_total": 13753,
    "rows_train": 8667,
    "rows_val": 5086,
    "unique_tickers_total": 5005,
    "feature_count": 36,
    "inner_split_mode": "time_latest_years",
    "train_rows": 8667.0,
    "train_target_mean": 0.4131424912830506,
    "train_target_median": 0.3625236749649048,
    "train_prediction_mean": 0.41844033125783553,
    "train_prediction_median": 0.35954039817754985,
    "train_mae": 0.10677603657326318,
    "train_rmse": 0.14021306352925483,
    "train_r2": 0.6340637955584627,
    "train_spearman": 0.7912441834274451,
    "train_pearson": 0.7984804285662493,
    "train_mean_abs_error": 0.10677603657326318,
    "train_p90_abs_error": 0.23014795885883632,
    "train_p95_abs_error": 0.2924870034539737,
    "train_top_bucket_fraction": 0.1,
    "train_top_bucket_true_mean": 0.7625275208188314,
    "train_top_bucket_true_median": 0.790080726146698,
    "train_event_0p30_rate": 0.606092073381793,
    "train_event_0p30_top_precision": 0.994232987312572,
    "train_event_0p30_top_recall": 0.1640967066438226,
    "train_event_0p30_top_lift": 1.6403992577647175,
    "train_event_0p50_rate": 0.32329525787469715,
    "train_event_0p50_top_precision": 0.9307958477508651,
    "train_event_0p50_top_recall": 0.2880085653104925,
    "train_event_0p50_top_lift": 2.879089083674785,
    "val_rows": 5086.0,
    "val_target_mean": 0.4482385056689191,
    "val_target_median": 0.41008876264095306,
    "val_prediction_mean": 0.4258349792594266,
    "val_prediction_median": 0.3615588813699091,
    "val_mae": 0.11100494071946097,
    "val_rmse": 0.1464431863037102,
    "val_r2": 0.6006197613034239,
    "val_spearman": 0.7889058057395337,
    "val_pearson": 0.7881874044209589,
    "val_mean_abs_error": 0.11100494071946097,
    "val_p90_abs_error": 0.23722796871342502,
    "val_p95_abs_error": 0.3013006818022472,
    "val_top_bucket_fraction": 0.1,
    "val_top_bucket_true_mean": 0.7724006186534005,
    "val_top_bucket_true_median": 0.7918750047683716,
    "val_event_0p30_rate": 0.6812819504522218,
    "val_event_0p30_top_precision": 0.9901768172888016,
    "val_event_0p30_top_recall": 0.14545454545454545,
    "val_event_0p30_top_lift": 1.453402393284515,
    "val_event_0p50_rate": 0.3814392449862367,
    "val_event_0p50_top_precision": 0.9567779960707269,
    "val_event_0p50_top_recall": 0.25103092783505154,
    "val_event_0p50_top_lift": 2.508336540214287,
    "baseline_train_rows": 8667.0,
    "baseline_train_target_mean": 0.4131424912830506,
    "baseline_train_target_median": 0.3625236749649048,
    "baseline_train_prediction_mean": 0.24172507469838964,
    "baseline_train_prediction_median": 0.1784115748933068,
    "baseline_train_mae": 0.2120098189698035,
    "baseline_train_rmse": 0.2697247005479228,
    "baseline_train_r2": -0.35415962737318796,
    "baseline_train_spearman": 0.5375983111851493,
    "baseline_train_pearson": 0.566682561188464,
    "baseline_train_mean_abs_error": 0.2120098189698035,
    "baseline_train_p90_abs_error": 0.446854659197891,
    "baseline_train_p95_abs_error": 0.540523338317871,
    "baseline_train_top_bucket_fraction": 0.1,
    "baseline_train_top_bucket_true_mean": 0.694388747911346,
    "baseline_train_top_bucket_true_median": 0.7128205299377441,
    "baseline_train_event_0p30_rate": 0.606092073381793,
    "baseline_train_event_0p30_top_precision": 0.9746251441753172,
    "baseline_train_event_0p30_top_recall": 0.16086046068913,
    "baseline_train_event_0p30_top_lift": 1.6080479963006804,
    "baseline_train_event_0p50_rate": 0.32329525787469715,
    "baseline_train_event_0p50_top_precision": 0.8477508650519031,
    "baseline_train_event_0p50_top_recall": 0.2623126338329764,
    "baseline_train_event_0p50_top_lift": 2.6222186821573317,
    "baseline_val_rows": 5086.0,
    "baseline_val_target_mean": 0.4482385056689191,
    "baseline_val_target_median": 0.41008876264095306,
    "baseline_val_prediction_mean": 0.23469713002889434,
    "baseline_val_prediction_median": 0.17147465000264434,
    "baseline_val_mae": 0.23907372395333057,
    "baseline_val_rmse": 0.3000690591155866,
    "baseline_val_r2": -0.6768362959192193,
    "baseline_val_spearman": 0.5029786758663389,
    "baseline_val_pearson": 0.5227394440462378,
    "baseline_val_mean_abs_error": 0.23907372395333057,
    "baseline_val_p90_abs_error": 0.5011269781243037,
    "baseline_val_p95_abs_error": 0.5908438373368368,
    "baseline_val_top_bucket_fraction": 0.1,
    "baseline_val_top_bucket_true_mean": 0.6994734895077108,
    "baseline_val_top_bucket_true_median": 0.723514199256897,
    "baseline_val_event_0p30_rate": 0.6812819504522218,
    "baseline_val_event_0p30_top_precision": 0.9862475442043221,
    "baseline_val_event_0p30_top_recall": 0.14487734487734488,
    "baseline_val_event_0p30_top_lift": 1.4476349234698938,
    "baseline_val_event_0p50_rate": 0.3814392449862367,
    "baseline_val_event_0p50_top_precision": 0.8506876227897839,
    "baseline_val_event_0p50_top_recall": 0.2231958762886598,
    "baseline_val_event_0p50_top_lift": 2.2302047677880625
  },
  "model_details": {
    "run_dir": "experiments/risk/runs/mlp_risk_artifacts",
    "config": {
      "data_path": "data/nprocessed/risk/risk_dataset.csv",
      "out_dir": "experiments/risk/runs/mlp_risk_artifacts",
      "target_col": "drawdown_severity",
      "raw_target_col": "future_1y_max_drawdown",
      "time_col": "fiscal_year",
      "ticker_col": "ticker",
      "period_end_col": "period_end",
      "baseline_feature_col": "drawdown_126d",
      "val_ratio_fallback": 0.15,
      "min_val_rows": 250,
      "random_seed": 42,
      "use_sample_weights": true,
      "sample_weight_power": 1.0,
      "sample_weight_min": 1.0,
      "sample_weight_max": 2.0,
      "top_fraction": 0.1,
      "event_thresholds": [
        0.3,
        0.5
      ],
      "epochs": 400,
      "batch_size": 128,
      "lr": 0.0005,
      "weight_decay": 1e-05,
      "print_every": 10,
      "early_stopping": true,
      "patience": 40,
      "min_delta": 0.0001,
      "restore_best": true,
      "lr_scheduler": "reduce_on_plateau",
      "lr_factor": 0.5,
      "lr_patience": 15,
      "lr_min": 1e-06,
      "lr_threshold": 1e-05,
      "lr_cooldown": 5,
      "huber_delta": 0.05,
      "hidden_dims": [
        128,
        64
      ],
      "dropout": 0.15,
      "activation": "relu",
      "init": "he",
      "weight_scale": 0.01,
      "l2_in_layers": 5e-06,
      "l1_in_layers": 0.0
    },
    "training": {
      "best_epoch": 81,
      "best_val_loss": 0.02319580597295749,
      "stopped_early": true,
      "final_lr": 0.000125,
      "lr_reductions": 2
    },
    "baseline": {
      "baseline_name": "current_drawdown_baseline",
      "baseline_source": "clip(-drawdown_126d, 0, 1)"
    },
    "validation_rows": 5086,
    "train_rows": 8667
  },
  "feature_representation": {
    "kind": "raw_selected_features_with_internal_standard_scaling",
    "notes": "SHAP explains the direct risk MLP prediction on drawdown severity scale."
  },
  "feature_names": [
    "current_ratio",
    "quick_ratio",
    "working_capital_to_assets",
    "debt_to_equity",
    "liabilities_to_assets",
    "interest_coverage",
    "net_debt",
    "gross_margin",
    "operating_margin",
    "net_margin",
    "roa",
    "roe",
    "fcf_margin",
    "cfo_to_net_income",
    "capex_to_revenue",
    "revenue",
    "net_income",
    "operating_income",
    "total_assets",
    "total_liabilities",
    "total_equity",
    "cash_and_equivalents",
    "total_debt",
    "cfo",
    "capex",
    "fcf",
    "has_income_statement",
    "has_cash_flow",
    "news_count",
    "volatility_21d",
    "volatility_63d",
    "drawdown_126d",
    "return_63d",
    "avg_dollar_volume_63d",
    "avg_transactions_21d",
    "high_low_range_21d"
  ],
  "artifacts": {
    "predictions": "experiments/risk/SHAP/mlp/validation_predictions.csv",
    "shap_rows": "experiments/risk/SHAP/mlp/validation_shap_rows.csv",