model_a,model_b,metric,point_delta_a_minus_b,ci_low,ci_high,iterations
xgb,valuation2,rmse_raw,2083802402.831936,551829116.6986992,5455929535.710233,2000
xgb,valuation2,rmse_log,-0.0022424586754165865,-0.01523054684303235,0.009939669958165124,2000
xgb,valuation2,mape_raw,0.01704551547902373,0.014588793470701859,0.019414781415013096,2000
xgb,valuation2,mape_nonzero_raw,0.01704551547902373,0.014588793470701859,0.019414781415013096,2000
xgb,valuation2,smape_raw,0.01673477728195555,0.014494064238932649,0.018969791095424994,2000
xgb,valuation2,r2_raw,-0.004504488341513846,-0.009668748147963391,-0.0012296746082660166,2000
xgb,valuation2,r2_log,4.042885682720154e-05,-0.00015330730651934855,0.00028893670699478287,2000
