model,rows,mean_error,median_error,mean_abs_error,mean_bias_t_statistic,mean_bias_p_value,median_bias_wilcoxon_statistic,median_bias_p_value,mean_bias_p_holm,mean_bias_p_bh,median_bias_p_holm,median_bias_p_bh
xgb,1730,-2470261823.1486635,35376.5,3122433952.374169,-4.413606636836108,1.0794469000134356e-05,723572.5,0.22738906324774288,2.1588938000268713e-05,2.1588938000268713e-05,0.22738906324774288,0.22738906324774288
valuation2,1730,-1956198721.696965,9900015.709816933,2056092696.8395123,-3.8314802118930578,0.00013192760874077393,196704.0,1.9435794223415195e-155,0.00013192760874077393,0.00013192760874077393,3.887158844683039e-155,3.887158844683039e-155
