model,rows,nonzero_rows,rmse_raw,rmse_log,mape_raw,mape_nonzero_raw,smape_raw,r2_raw,r2_log
xgb,1730,1730,23403439453.758972,0.06379250312523937,0.03097331157276588,0.03097331157276588,0.029903815364339642,0.9735261784671176,0.9994348812420706
valuation2,1730,1730,21319637050.927036,0.06603496180065596,0.013927796093742149,0.013927796093742149,0.013169038082384094,0.9780306668086315,0.9993944523852434
