model,rows,intercept,intercept_se,slope,slope_se,r2,joint_f_statistic_h0_intercept_0_slope_1,joint_p_value,joint_p_holm,joint_p_bh
xgb,1730,2.1235925684407987e-12,5.901122798907957e-15,1.1229863002372475,0.0031204903684215065,0.9860585306541765,776.6722445839306,2.3388985533208415e-241,4.677797106641683e-241,4.677797106641683e-241
valuation2,1730,2.0555599391083264e-12,5.3883305034481375e-15,1.1055871176647574,0.0028981774972329094,0.9875747386936043,663.6543011270143,1.41318232257958e-214,1.41318232257958e-214,1.41318232257958e-214
