model_a,model_b,loss_view,rows,mean_loss_a,mean_loss_b,mean_diff_a_minus_b,median_diff_a_minus_b,win_rate_a_lt_b,tie_rate,diff_skewness,approx_symmetric_diff,wilcoxon_statistic,wilcoxon_p_value,paired_t_statistic,paired_t_p_value,wilcoxon_p_holm,wilcoxon_p_bh,paired_t_p_holm,paired_t_p_bh,wilcoxon_significant_holm_5pct,paired_t_significant_holm_5pct
xgb,valuation2,abs_error,1730,3122433952.374169,2056092696.8395123,1066341255.5346568,13894001.78582251,0.16820809248554913,0.017341040462427744,18.408896580529778,False,188256.0,3.6042217254581824e-160,4.667611666859185,3.2819675514213847e-06,3.6042217254581824e-160,3.6042217254581824e-160,3.2819675514213847e-06,3.2819675514213847e-06,True,True
xgb,valuation2,abs_log_error,1730,0.030089208306447558,0.013450896859672599,0.016638311446774957,0.011970361805072827,0.16820809248554913,0.017341040462427744,-1.7048430201879468,False,137821.0,6.555561469234851e-190,14.010231364574345,2.5357797141974496e-42,1.3111122938469702e-189,9.833342203852278e-190,7.607339142592349e-42,7.607339142592349e-42,True,True
xgb,valuation2,abs_percentage_error,1730,0.03097331157276588,0.013927796093742149,0.01704551547902373,0.01193915197273478,0.16820809248554913,0.017341040462427744,-4.433179370194006,False,137189.0,2.6777145108359577e-190,13.328987355146303,1.1832553863478895e-38,8.033143532507873e-190,8.033143532507873e-190,2.366510772695779e-38,1.7748830795218344e-38,True,True
