model,n_buckets,kruskal_h_statistic,kruskal_p_value,kruskal_p_holm,kruskal_p_bh
xgb,5,139.39436830570614,3.804517924344515e-29,3.804517924344515e-29,3.804517924344515e-29
valuation2,5,148.17404943167116,5.011628626387686e-31,1.0023257252775372e-30,1.0023257252775372e-30
