{
  "model_name": "xgb",
  "metrics": {
    "rows_total": 13753,
    "rows_train": 8667,
    "rows_val": 5086,
    "unique_tickers_total": 5005,
    "feature_count": 36,
    "best_iteration": 96,
    "inner_split_mode": "time_latest_years",
    "train_rows": 8667.0,
    "train_target_mean": 0.4131424912830506,
    "train_target_median": 0.3625236749649048,
    "train_prediction_mean": 0.426846217841608,
    "train_prediction_median": 0.37763217091560364,
    "train_mae": 0.10179082191781025,
    "train_rmse": 0.12802141281518192,
    "train_r2": 0.6949341080804536,
    "train_spearman": 0.8306410728607481,
    "train_pearson": 0.8395474645185927,
    "train_mean_abs_error": 0.10179082191781025,
    "train_p90_abs_error": 0.20487074255943313,
    "train_p95_abs_error": 0.2523063778877256,
    "train_top_bucket_fraction": 0.1,
    "train_top_bucket_true_mean": 0.7918971002858127,
    "train_top_bucket_true_median": 0.8133333325386047,
    "train_event_0p30_rate": 0.606092073381793,
    "train_event_0p30_top_precision": 0.9988465974625144,
    "train_event_0p30_top_recall": 0.16485817628022081,
    "train_event_0p30_top_lift": 1.6480113192856676,
    "train_event_0p50_rate": 0.32329525787469715,
    "train_event_0p50_top_precision": 0.9596309111880046,
    "train_event_0p50_top_recall": 0.29693076374018557,
    "train_event_0p50_top_lift": 2.968280195312789,
    "val_rows": 5086.0,
    "val_target_mean": 0.4482385056689191,
    "val_target_median": 0.41008876264095306,
    "val_prediction_mean": 0.43344494565952213,
    "val_prediction_median": 0.3852716088294983,
    "val_mae": 0.10754859902977656,
    "val_rmse": 0.13968415797890063,
    "val_r2": 0.6366354615607555,
    "val_spearman": 0.7977894959872769,
    "val_pearson": 0.8004866048220101,
    "val_mean_abs_error": 0.10754859902977656,
    "val_p90_abs_error": 0.22581255435943604,
    "val_p95_abs_error": 0.282542385160923,
    "val_top_bucket_fraction": 0.1,
    "val_top_bucket_true_mean": 0.7809936922987692,
    "val_top_bucket_true_median": 0.7919999957084656,
    "val_event_0p30_rate": 0.6812819504522218,
    "val_event_0p30_top_precision": 0.9960707269155207,
    "val_event_0p30_top_recall": 0.14632034632034632,
    "val_event_0p30_top_lift": 1.4620535980064466,
    "val_event_0p50_rate": 0.3814392449862367,
    "val_event_0p50_top_precision": 0.9724950884086444,
    "val_event_0p50_top_recall": 0.2551546391752577,
    "val_event_0p50_top_lift": 2.5495412472403944,
    "baseline_train_rows": 8667.0,
    "baseline_train_target_mean": 0.4131424912830506,
    "baseline_train_target_median": 0.3625236749649048,
    "baseline_train_prediction_mean": 0.24172507469838964,
    "baseline_train_prediction_median": 0.1784115748933068,
    "baseline_train_mae": 0.2120098189698035,
    "baseline_train_rmse": 0.2697247005479228,
    "baseline_train_r2": -0.35415962737318796,
    "baseline_train_spearman": 0.5375983111851493,
    "baseline_train_pearson": 0.566682561188464,
    "baseline_train_mean_abs_error": 0.2120098189698035,
    "baseline_train_p90_abs_error": 0.446854659197891,
    "baseline_train_p95_abs_error": 0.540523338317871,
    "baseline_train_top_bucket_fraction": 0.1,
    "baseline_train_top_bucket_true_mean": 0.694388747911346,
    "baseline_train_top_bucket_true_median": 0.7128205299377441,
    "baseline_train_event_0p30_rate": 0.606092073381793,
    "baseline_train_event_0p30_top_precision": 0.9746251441753172,
    "baseline_train_event_0p30_top_recall": 0.16086046068913,
    "baseline_train_event_0p30_top_lift": 1.6080479963006804,
    "baseline_train_event_0p50_rate": 0.32329525787469715,
    "baseline_train_event_0p50_top_precision": 0.8477508650519031,
    "baseline_train_event_0p50_top_recall": 0.2623126338329764,
    "baseline_train_event_0p50_top_lift": 2.6222186821573317,
    "baseline_val_rows": 5086.0,
    "baseline_val_target_mean": 0.4482385056689191,
    "baseline_val_target_median": 0.41008876264095306,
    "baseline_val_prediction_mean": 0.23469713002889434,
    "baseline_val_prediction_median": 0.17147465000264434,
    "baseline_val_mae": 0.23907372395333057,
    "baseline_val_rmse": 0.3000690591155866,
    "baseline_val_r2": -0.6768362959192193,
    "baseline_val_spearman": 0.5029786758663389,
    "baseline_val_pearson": 0.5227394440462378,
    "baseline_val_mean_abs_error": 0.23907372395333057,
    "baseline_val_p90_abs_error": 0.5011269781243037,
    "baseline_val_p95_abs_error": 0.5908438373368368,
    "baseline_val_top_bucket_fraction": 0.1,
    "baseline_val_top_bucket_true_mean": 0.6994734895077108,
    "baseline_val_top_bucket_true_median": 0.723514199256897,
    "baseline_val_event_0p30_rate": 0.6812819504522218,
    "baseline_val_event_0p30_top_precision": 0.9862475442043221,
    "baseline_val_event_0p30_top_recall": 0.14487734487734488,
    "baseline_val_event_0p30_top_lift": 1.4476349234698938,
    "baseline_val_event_0p50_rate": 0.3814392449862367,
    "baseline_val_event_0p50_top_precision": 0.8506876227897839,
    "baseline_val_event_0p50_top_recall": 0.2231958762886598,
    "baseline_val_event_0p50_top_lift": 2.2302047677880625
  },
  "model_details": {
    "run_dir": "experiments/risk/runs/xgb_risk_artifacts",
    "config": {
      "data_path": "data/nprocessed/risk/risk_dataset.csv",
      "out_dir": "experiments/risk/runs/xgb_risk_artifacts",
      "target_col": "drawdown_severity",
      "raw_target_col": "future_1y_max_drawdown",
      "time_col": "fiscal_year",
      "ticker_col": "ticker",
      "period_end_col": "period_end",
      "baseline_feature_col": "drawdown_126d",
      "val_ratio_fallback": 0.15,
      "min_val_rows": 250,
      "num_boost_round": 4000,
      "early_stopping_rounds": 100,
      "tree_method": "hist",
      "max_depth": 5,
      "eta": 0.03,
      "subsample": 0.9,
      "colsample_bytree": 0.9,
      "reg_lambda": 1.0,
      "reg_alpha": 0.0,
      "min_child_weight": 2.0,
      "gamma": 0.0,
      "nthread": -1,
      "random_seed": 42,
      "use_sample_weights": true,
      "sample_weight_power": 1.0,
      "sample_weight_min": 1.0,
      "sample_weight_max": 2.0,
      "top_fraction": 0.1,
      "event_thresholds": [
        0.3,
        0.5
      ]
    },
    "baseline": {
      "baseline_name": "current_drawdown_baseline",
      "baseline_source": "clip(-drawdown_126d, 0, 1)"
    },
    "best_iteration": 96,
    "validation_rows": 5086
  },
  "feature_representation": {
    "kind": "selected_numeric_features",
    "notes": "Matches src.models.risk.xgb_risk preprocessing."
  },
  "feature_names": [
    "current_ratio",
    "quick_ratio",
    "working_capital_to_assets",
    "debt_to_equity",
    "liabilities_to_assets",
    "interest_coverage",
    "net_debt",
    "gross_margin",
    "operating_margin",
    "net_margin",
    "roa",
    "roe",
    "fcf_margin",
    "cfo_to_net_income",
    "capex_to_revenue",
    "revenue",
    "net_income",
    "operating_income",
    "total_assets",
    "total_liabilities",
    "total_equity",
    "cash_and_equivalents",
    "total_debt",
    "cfo",
    "capex",
    "fcf",
    "has_income_statement",
    "has_cash_flow",
    "news_count",
    "volatility_21d",
    "volatility_63d",
    "drawdown_126d",
    "return_63d",
    "avg_dollar_volume_63d",
    "avg_transactions_21d",
    "high_low_range_21d"
  ],
  "artifacts": {
    "predictions": "experiments/risk/SHAP/xgb/validation_predictions.csv",
    "shap_rows": "experiments/risk/SHAP/xgb/validation_shap_rows.csv",
    "shap_values": "experiments/risk/SHAP/xgb/validation_shap_values.npz",
    "feature_importance": "experiments/risk/SHAP/xgb/validation_shap_feature_importance.csv",
    "local_explanations": "experiments/risk/SHAP/xgb/validation_shap_top_error_local_explanations.csv",
    "importance_bar_plot": "experiments/risk/SHAP/xgb/validation_shap_importance_bar.png",
    "beeswarm_plot": "experiments/risk/SHAP/xgb/validation_shap_beeswarm.png"
  },
  "shap": {
    "shap_method": "xgboost_pred_contribs",