{
  "train_loss": [
    0.01539935368776561,
    0.014579676698359023,
    0.014216870477853593,
    0.014092171838645329,
    0.013599103114844698,
    0.012572894788167885,
    0.009648087476935609,
    0.006356221194331042,
    0.005607945577733754,
    0.005556848686890208,
    0.005428267376611668,
    0.004976200577278689,
    0.0052711408486469016,
    0.004948415177248431,
    0.004812527833668122,
    0.00474939047359985,
    0.004664086142535665,
    0.004872288748468941,
    0.004530331214457223,
    0.004548475701585226,
    0.0045375043046317716,
    0.004470980074430803,
    0.004656953322099315,
    0.004303523676276412,
    0.004479742948371598,
    0.004365167735450647,
    0.004466118423566438,
    0.004199085494256423,
    0.00422362137203373,
    0.004276627397581948,
    0.0041215634187518925,
    0.00420744290881483,
    0.004308840312883321,
    0.0043840777193810045,
    0.0042659227049933945,
    0.004158875920943865,
    0.004100835735238496,
    0.003999185372016686,
    0.004058069579224046,
    0.003961354368583696,
    0.003872070420189298,
    0.004123531010486919,
    0.004139722104565777,
    0.0038569890075998703,
    0.0037704764542478408,
    0.003773534245486577,
    0.004122042815701214,
    0.004002196315623422,
    0.0037212626874162137,
    0.0037092528229068045,
    0.0036068284224154913,
    0.003945511653348673,
    0.003943806674421911,
    0.0037252948196158336,
    0.003832400991894142,
    0.003687541148162433,
    0.0037975514939232765,
    0.0038549190215001515,
    0.003715877841100586,
    0.0037199404740348185,
    0.0036687556789563973,
    0.0036034165722526584,
    0.0038068750515249735,
    0.003908877583091991
  ],
  "val_loss": [
    0.0042044067916626226,
    0.0038195678832050432,
    0.0036695839715596037,
    0.0035360538147989466,
    0.0033386933847356017,
    0.0028848625873046855,
    0.002090505648897818,
    0.0013828037149863697,
    0.0012228057080265202,
    0.0012471318515302151,
    0.0011753498188889215,
    0.001103371315702529,
    0.001194185470028867,
    0.001103245695606291,
    0.0010481978181416584,
    0.001031204551961628,
    0.0010572486007777914,
    0.0011277669265164995,
    0.0010983526576110328,
    0.0011000029035544462,
    0.0010728358271152637,
    0.0010733861924821203,
    0.0010219790721577443,
    0.0009438394657035245,
    0.0010161420284695794,
    0.0012461638789873128,
    0.00115123640599074,
    0.0009492812319699011,
    0.0009347143967791876,
    0.0009952936228444864,
    0.0011077652739973883,
    0.0009561377472424578,
    0.0009992232376399548,
    0.001273672292469965,
    0.0010869156861304408,
    0.0010498955856589637,
    0.0009104260403918515,
    0.0009852816100144588,
    0.0011181438577914974,
    0.0012852572407476926,
    0.0012687191455391848,
    0.000995569977791222,
    0.0010104379310382446,
    0.0011655950707654319,
    0.0011328038225231099,
    0.0009951028254889837,
    0.0010258913398279463,
    0.0010673928676818841,
    0.0009690348554452978,
    0.0010587990819946633,
    0.0010998381582255177,
    0.0009401765234401276,
    0.0011678355409370455,
    0.0010496720438836627,
    0.0010298853795653621,
    0.0009010722147846689,
    0.001119186901835303,
    0.001064577977918649,
    0.001035842810753149,
    0.0010847361060207412,
    0.0009576148748371946,
    0.0009095397018716292,
    0.0010366905791106091,
    0.0010302018709793521
  ],
  "train_metric": [
    null,
    null,
    null,
    null,
    null,
    null,
    null,
    null,
    null,
    null,
    null,
    null,
    null,
    null,
    null,
    null,
    null,
    null,
    null,
    null,
    null,
    null,
    null,
    null,
    null,
    null,
    null,
    null,
    null,
    null,
    null,
    null,
    null,
    null,
    null,
    null,
    null,
    null,
    null,
    null,
    null,
    null,
    null,
    null,
    null,
    null,
    null,
    null,
    null,
    null,
    null,
    null,
    null,
    null,
    null,
    null,
    null,
    null,
    null,
    null,
    null,
    null,
    null,
    null
  ],
  "val_metric": [
    null,
    null,
    null,
    null,
    null,
    null,
    null,
    null,
    null,
    null,
    null,
    null,
    null,
    null,
    null,
    null,
    null,
    null,
    null,
    null,
    null,
    null,
    null,
    null,
    null,
    null,
    null,
    null,
    null,
    null,
    null,
    null,
    null,
    null,
    null,
    null,
    null,
    null,
    null,
    null,
    null,
    null,
    null,
    null,
    null,
    null,
    null,
    null,
    null,
    null,
    null,
    null,
    null,
    null,
    null,
    null,
    null,
    null,
    null,
    null,
    null,
    null,
    null,
    null
  ],
  "lr": [
    0.0005,
    0.0005,
    0.0005,
    0.0005,
    0.0005,
    0.0005,
    0.0005,
    0.0005,
    0.0005,
    0.0005,
    0.0005,
    0.0005,
    0.0005,
    0.0005,
    0.0005,
    0.0005,
    0.0005,
    0.0005,
    0.0005,
    0.0005,
    0.0005,
    0.0005,
    0.0005,
    0.0005,
    0.0005,
    0.0005,
    0.0005,
    0.0005,
    0.0005,
    0.0005,
    0.0005,
    0.0005,
    0.0005,
    0.0005,
    0.0005,
    0.0005,
    0.0005,
    0.0005,
    0.0005,
    0.0005,
    0.0005,
    0.0005,
    0.0005,
    0.00025,
    0.00025,
    0.00025,
    0.00025,
    0.00025,
    0.00025,
    0.00025,
    0.00025,
    0.00025,
    0.00025,
    0.00025,
    0.00025,
    0.00025,
    0.00025,
    0.00025,
    0.00025,
    0.00025,
    0.00025,
    0.00025,
    0.00025,
    0.00025
  ],
  "lr_reductions": 1,
  "lr_increases": 0,
  "lr_scheduler_switches": 0,
  "lr_scheduler_mode": [
    "reduce_on_plateau",
    "reduce_on_plateau",
    "reduce_on_plateau",
    "reduce_on_plateau",
    "reduce_on_plateau",
    "reduce_on_plateau",
    "reduce_on_plateau",
    "reduce_on_plateau",
    "reduce_on_plateau",
    "reduce_on_plateau",
    "reduce_on_plateau",
    "reduce_on_plateau",
    "reduce_on_plateau",
    "reduce_on_plateau",
    "reduce_on_plateau",
    "reduce_on_plateau",
    "reduce_on_plateau",
    "reduce_on_plateau",
    "reduce_on_plateau",
    "reduce_on_plateau",
    "reduce_on_plateau",
    "reduce_on_plateau",
    "reduce_on_plateau",
    "reduce_on_plateau",
    "reduce_on_plateau",
    "reduce_on_plateau",
    "reduce_on_plateau",
    "reduce_on_plateau",
    "reduce_on_plateau",
    "reduce_on_plateau",
    "reduce_on_plateau",
    "reduce_on_plateau",
    "reduce_on_plateau",
    "reduce_on_plateau",
    "reduce_on_plateau",
    "reduce_on_plateau",
    "reduce_on_plateau",
    "reduce_on_plateau",
    "reduce_on_plateau",
    "reduce_on_plateau",
    "reduce_on_plateau",
    "reduce_on_plateau",
    "reduce_on_plateau",
    "reduce_on_plateau",
    "reduce_on_plateau",
    "reduce_on_plateau",
    "reduce_on_plateau",
    "reduce_on_plateau",
    "reduce_on_plateau",
    "reduce_on_plateau",
    "reduce_on_plateau",
    "reduce_on_plateau",
    "reduce_on_plateau",
    "reduce_on_plateau",
    "reduce_on_plateau",
    "reduce_on_plateau",
    "reduce_on_plateau",
    "reduce_on_plateau",
    "reduce_on_plateau",
    "reduce_on_plateau",
    "reduce_on_plateau",
    "reduce_on_plateau",
    "reduce_on_plateau",
    "reduce_on_plateau"
  ],
  "best_epoch": 24,
  "best_val_loss": 0.0009438394657035245,
  "stopped_early": true
}