model,rows,mean_error,median_error,mean_abs_error,mean_bias_t_statistic,mean_bias_p_value,median_bias_wilcoxon_statistic,median_bias_p_value,mean_bias_p_holm,mean_bias_p_bh,median_bias_p_holm,median_bias_p_bh
mlp,5086,-0.022403526341373745,-0.012202157935174318,0.11100494103883564,-11.0391407836858,5.13579393949222e-28,5518489.0,1.2109035281134402e-19,1.027158787898444e-27,7.70369090923833e-28,2.4218070562268804e-19,1.8163552921701603e-19
xgb,5086,-0.014793559941278235,-0.0017517808366124127,0.10754859939345893,-7.594870598865679,3.644448150866397e-14,5963446.0,1.441473292255749e-06,3.644448150866397e-14,3.644448150866397e-14,1.441473292255749e-06,1.4414732922557489e-06
current_drawdown_baseline,5086,-0.21354137557190603,-0.19094042748479473,0.239073723998699,-72.23256828806566,0.0,797717.0,0.0,0.0,0.0,0.0,0.0
