model,rows,target_mean,target_median,prediction_mean,prediction_median,rmse,mae,r2,spearman,pearson,p90_abs_error,p95_abs_error
mlp,5086,0.44823850560080036,0.41008876894893453,0.4258349792594266,0.3615588813699091,0.14644318647464832,0.11100494103883564,0.6006197614029831,0.7889058831030542,0.7881874042941741,0.23722798408858076,0.30130069703810797
xgb,5086,0.44823850560080036,0.41008876894893453,0.43344494565952213,0.3852716088294983,0.13968415813255725,0.10754859939345893,0.6366354617001996,0.7977895431351864,0.8004866048678757,0.2258125501694296,0.28254238480904453
current_drawdown_baseline,5086,0.44823850560080036,0.41008876894893453,0.23469713002889428,0.17147465000264434,0.3000690590999985,0.239073723998699,-0.6768362914123645,0.5029786979399606,0.5227394446895237,0.5011269768929987,0.5908438432195561
