model,rows,intercept,intercept_se,slope,slope_se,r2,joint_f_statistic_h0_intercept_0_slope_1,joint_p_value,joint_p_holm,joint_p_bh
mlp,5086,0.07295551557715049,0.004570560049013729,0.8812873725787098,0.009650897278240362,0.6212393842879885,138.38577507629964,3.0108600791004935e-59,6.021720158200987e-59,4.51629011865074e-59
xgb,5086,0.01920425900641075,0.0049082696360583525,0.9898240846748798,0.010393986633350505,0.6407788045728978,29.320033774387213,2.1844748914290023e-13,2.1844748914290023e-13,2.1844748914290023e-13
current_drawdown_baseline,5086,0.3022484647541873,0.004338809297685742,0.6220359014558032,0.014227152216111677,0.2732565270343117,3323.2303203712104,0.0,0.0,0.0
