model,n_buckets,kruskal_h_statistic,kruskal_p_value,kruskal_p_holm,kruskal_p_bh
mlp,5,585.9229120395685,1.724831321806318e-125,3.449662643612636e-125,2.587246982709477e-125
xgb,5,451.07752993929716,2.5403961560752882e-96,2.5403961560752882e-96,2.5403961560752887e-96
current_drawdown_baseline,5,1890.5711413400022,0.0,0.0,0.0
