component,explained_variance_ratio,explained_variance_ratio_cumulative
1,0.23437653,0.23437653
2,0.12869325,0.36306977
3,0.08990592,0.4529757
4,0.05676599,0.50974166
5,0.046812072,0.5565538
6,0.04565008,0.60220385
7,0.044345208,0.64654905
8,0.04355975,0.6901088
9,0.04345591,0.73356473
10,0.042498585,0.7760633
11,0.041192263,0.81725556
12,0.040190905,0.8574465
13,0.028033637,0.8854801
14,0.024905905,0.910386
15,0.01857039,0.9289564
16,0.016492365,0.94544876
17,0.013364091,0.95881283
