{
  "train_loss": [
    0.015269720791927135,
    0.014500264463127889,
    0.014246039443634218,
    0.014137689561267038,
    0.014014476290033578,
    0.01398336463481016,
    0.01361968160616938,
    0.013100044564313598,
    0.012286228608140354,
    0.01027344716094718,
    0.008362177668446779,
    0.007570049485937992,
    0.007154780014359743,
    0.006757066742704527,
    0.006349694806285495,
    0.006166388641805763,
    0.005465407295222303,
    0.005388210141900876,
    0.005257654269159394,
    0.00542690553391934,
    0.005292684881818595,
    0.00528254636372546,
    0.00494059838379154,
    0.005020444324791365,
    0.005242660837386107,
    0.005031503136946956,
    0.004853769279533411,
    0.004907159857156961,
    0.0047867122440576485,
    0.004970394333683678,
    0.004875976891357159,
    0.004812187815587437,
    0.004928361368663469,
    0.004874441750460342,
    0.004682257146176626,
    0.004337367310633155,
    0.0048480607689259415,
    0.00471270304388194,
    0.004616578291428937,
    0.004539811228119891,
    0.004475373696028673,
    0.0045243608035382375,
    0.004661486167975481,
    0.004413918731671997,
    0.004480443911507228,
    0.00446234147750032,
    0.004524883373333549,
    0.0044428134752959895,
    0.004353932294714925,
    0.004192483638183751,
    0.004373792102081421,
    0.00440711802535677,
    0.004319923174222937,
    0.004165646321071367,
    0.004002998222990756,
    0.004578425778581568,
    0.004150149193863652,
    0.00417773984658583,
    0.0038411754969505953,
    0.004143868538634554,
    0.004107461503148312,
    0.004163035482502588,
    0.0041743799184693516,
    0.004133947083387647,
    0.004094265402800986,
    0.004090706640533366,
    0.004227226273445273,
    0.004044494780026765,
    0.004128728773971062,
    0.004099801787125158,
    0.004360266007182536,
    0.00409398648883306
  ],
  "val_loss": [
    0.004115311698339314,
    0.0038701128292961285,
    0.0037044226763757464,
    0.0036438926492815766,
    0.003526748721016163,
    0.0034038980513283784,
    0.0033020833790357493,
    0.003184538085292142,
    0.0030202873547488934,
    0.002432226334487235,
    0.002247252826802035,
    0.002022182552719417,
    0.0017299257657615015,
    0.001509326418409714,
    0.0013824715405265674,
    0.0013099522606617679,
    0.00121529250705304,
    0.001189483151083831,
    0.001245800368166752,
    0.0010861744566040964,
    0.001064614950000411,
    0.001193167128441112,
    0.0009691505912786562,
    0.0010302202951075284,
    0.0010729760086931293,
    0.0010047522648240312,
    0.0009198083769898367,
    0.0009502612986338986,
    0.000862517427277402,
    0.0009827874277250981,
    0.0009249705009847402,
    0.0007509148534440639,
    0.0009517806004947188,
    0.0009065333228846736,
    0.0009440865053852968,
    0.0008164433078940588,
    0.0009543078563134293,
    0.0009065059928149352,
    0.0009147840997564842,
    0.0007832023984989808,
    0.0008247002401318449,
    0.0007566046644043251,
    0.0008563198267578027,
    0.0008541277818644484,
    0.0008710975590543132,
    0.0007090399101756801,
    0.0009510638965361396,
    0.0008429250787561553,
    0.0008228153584763616,
    0.0007874910347539063,
    0.0007092358756258289,
    0.0009079826106999564,
    0.0008213807443179649,
    0.0007917733183417405,
    0.0007137647268260959,
    0.0007835272218017317,
    0.0007543882680876863,
    0.0008368877959683593,
    0.000784263936983926,
    0.0007901400202567608,
    0.0007791724285648379,
    0.0008462220184054749,
    0.0007526332579904611,
    0.0007407930552767569,
    0.0007516793387502896,
    0.0007031914889184446,
    0.000797529891478849,
    0.0007381058316821218,
    0.0007231553080780899,
    0.0007470844183500812,
    0.0007177946328068851,
    0.0007211586370209137
  ],
  "train_metric": [
    null,
    null,
    null,
    null,
    null,
    null,
    null,
    null,
    null,
    null,
    null,
    null,
    null,
    null,
    null,
    null,
    null,
    null,
    null,
    null,
    null,
    null,
    null,
    null,
    null,
    null,
    null,
    null,
    null,
    null,
    null,
    null,
    null,
    null,
    null,
    null,
    null,
    null,
    null,
    null,
    null,
    null,
    null,
    null,
    null,
    null,
    null,
    null,
    null,
    null,
    null,
    null,
    null,
    null,
    null,
    null,
    null,
    null,
    null,
    null,
    null,
    null,
    null,
    null,
    null,
    null,
    null,
    null,
    null,
    null,
    null,
    null
  ],
  "val_metric": [
    null,
    null,
    null,
    null,
    null,
    null,
    null,
    null,
    null,
    null,
    null,
    null,
    null,
    null,
    null,
    null,
    null,
    null,
    null,
    null,
    null,
    null,
    null,
    null,
    null,
    null,
    null,
    null,
    null,
    null,
    null,
    null,
    null,
    null,
    null,
    null,
    null,
    null,
    null,
    null,
    null,
    null,
    null,
    null,
    null,
    null,
    null,
    null,
    null,
    null,
    null,
    null,
    null,
    null,
    null,
    null,
    null,
    null,
    null,
    null,
    null,
    null,
    null,
    null,
    null,
    null,
    null,
    null,
    null,
    null,
    null,
    null
  ],
  "lr": [
    0.0005,
    0.0005,
    0.0005,
    0.0005,
    0.0005,
    0.0005,
    0.0005,
    0.0005,
    0.0005,
    0.0005,
    0.0005,
    0.0005,
    0.0005,
    0.0005,
    0.0005,
    0.0005,
    0.0005,
    0.0005,
    0.0005,
    0.0005,
    0.0005,
    0.0005,
    0.0005,
    0.0005,
    0.0005,
    0.0005,
    0.0005,
    0.0005,
    0.0005,
    0.0005,
    0.0005,
    0.0005,
    0.0005,
    0.0005,
    0.0005,
    0.0005,
    0.0005,
    0.0005,
    0.0005,
    0.0005,
    0.0005,
    0.0005,
    0.0005,
    0.0005,
    0.0005,
    0.0005,
    0.0005,
    0.0005,
    0.0005,
    0.0005,
    0.0005,
    0.00025,
    0.00025,
    0.00025,
    0.00025,
    0.00025,
    0.00025,
    0.00025,
    0.00025,
    0.00025,
    0.00025,
    0.00025,
    0.00025,
    0.00025,
    0.00025,
    0.00025,
    0.00025,
    0.00025,
    0.00025,
    0.00025,
    0.00025,
    0.00025
  ],
  "lr_reductions": 1,
  "best_epoch": 32,
  "best_val_loss": 0.0007509148534440639,
  "stopped_early": true
}